{
	"class_name" : "PinholeCameraParameters",
	"extrinsic" : 
	[
		0.9873078479769849,
		-0.055944072014807049,
		-0.14863873697477811,
		0.0,
		0.099429952727376342,
		0.94752672517129921,
		0.30382032451234253,
		0.0,
		0.12384222956522908,
		-0.31474333335680915,
		0.94106308836536445,
		0.0,
		-0.16666004045290761,
		0.13856940427706047,
		0.21280058275627561,
		1.0
	],
	"intrinsic" : 
	{
		"height" : 720,
		"intrinsic_matrix" : 
		[
			623.53829072479584,
			0.0,
			0.0,
			0.0,
			623.53829072479584,
			0.0,
			639.5,
			359.5,
			1.0
		],
		"width" : 1280
	},
	"version_major" : 1,
	"version_minor" : 0
}