{
	"class_name" : "PinholeCameraParameters",
	"extrinsic" : 
	[
		0.82819254791553476,
		0.46171367351972126,
		-0.31767528588497257,
		0.0,
		-0.45816646467612043,
		0.88422779413358055,
		0.090690124753733906,
		0.0,
		0.32277018794083218,
		0.070439277158321129,
		0.94385259125037801,
		0.0,
		0.0056163805506557196,
		0.18288107929626063,
		1.7933877718113369,
		1.0
	],
	"intrinsic" : 
	{
		"height" : 1043,
		"intrinsic_matrix" : 
		[
			903.26449614716955,
			0.0,
			0.0,
			0.0,
			903.26449614716955,
			0.0,
			959.5,
			521.0,
			1.0
		],
		"width" : 1920
	},
	"version_major" : 1,
	"version_minor" : 0
}